strategy,segment_param,dropout_rounds,patches_per_drop,miou,miou_pct,mdice,mdice_pct,score,score_pct,metric,mask_coverage_mean,elapsed_s,status
regular,grid12,0,n/a,0.3092,30.9,0.4051,40.5,0.4051,40.5,dice,4.82,17.1,ok
regular,grid12,1,5,0.441,44.1,0.5494,54.9,0.5494,54.9,dice,8.73,17.2,ok
regular,grid12,2,5,0.468,46.8,0.5735,57.4,0.5735,57.4,dice,10.59,17.4,ok
regular,grid12,3,5,0.4616,46.2,0.5679,56.8,0.5679,56.8,dice,12.75,16.5,ok
regular,grid12,4,5,0.4494,44.9,0.5586,55.9,0.5586,55.9,dice,14.65,16.4,ok
regular,grid12,5,5,0.4405,44.1,0.5524,55.2,0.5524,55.2,dice,16.36,16.5,ok
regular,grid12,6,5,0.4216,42.2,0.5327,53.3,0.5327,53.3,dice,18.17,16.5,ok
regular,grid12,1,10,0.4102,41.0,0.5143,51.4,0.5143,51.4,dice,9.78,16.1,ok
regular,grid12,2,10,0.4277,42.8,0.5318,53.2,0.5318,53.2,dice,12.73,16.6,ok
regular,grid12,3,10,0.3729,37.3,0.4573,45.7,0.4573,45.7,dice,12.67,16.6,ok
regular,grid12,4,10,0.3499,35.0,0.4354,43.5,0.4354,43.5,dice,13.91,16.7,ok
regular,grid12,5,10,0.3154,31.5,0.3984,39.8,0.3984,39.8,dice,14.24,16.6,ok
regular,grid12,6,10,0.3139,31.4,0.3973,39.7,0.3973,39.7,dice,15.16,16.7,ok
regular,grid12,1,25,0.3138,31.4,0.406,40.6,0.406,40.6,dice,6.67,15.4,ok
regular,grid12,2,25,0.2509,25.1,0.3259,32.6,0.3259,32.6,dice,5.91,15.9,ok
regular,grid12,3,25,0.2247,22.5,0.293,29.3,0.293,29.3,dice,4.56,16.6,ok
regular,grid12,4,25,0.2224,22.2,0.2899,29.0,0.2899,29.0,dice,4.6,16.8,ok
regular,grid12,5,25,0.2217,22.2,0.2893,28.9,0.2893,28.9,dice,4.63,17.0,ok
regular,grid12,6,25,0.2217,22.2,0.2893,28.9,0.2893,28.9,dice,4.63,16.9,ok
regular,grid12,1,35,0.2542,25.4,0.3387,33.9,0.3387,33.9,dice,5.11,17.4,ok
regular,grid12,2,35,0.2056,20.6,0.2749,27.5,0.2749,27.5,dice,3.85,16.9,ok
regular,grid12,3,35,0.189,18.9,0.2533,25.3,0.2533,25.3,dice,3.02,16.7,ok
regular,grid12,4,35,0.1891,18.9,0.2534,25.3,0.2534,25.3,dice,2.92,16.8,ok
regular,grid12,5,35,0.1891,18.9,0.2534,25.3,0.2534,25.3,dice,2.92,16.7,ok
regular,grid12,6,35,0.1891,18.9,0.2534,25.3,0.2534,25.3,dice,2.92,16.9,ok
regular,grid12,1,50,0.2032,20.3,0.2724,27.2,0.2724,27.2,dice,3.43,15.5,ok
regular,grid12,2,50,0.1963,19.6,0.2636,26.4,0.2636,26.4,dice,3.07,15.8,ok
regular,grid12,3,50,0.1963,19.6,0.2636,26.4,0.2636,26.4,dice,3.07,16.2,ok
regular,grid12,4,50,0.1963,19.6,0.2636,26.4,0.2636,26.4,dice,3.07,16.6,ok
regular,grid12,5,50,0.1963,19.6,0.2636,26.4,0.2636,26.4,dice,3.07,16.8,ok
regular,grid12,6,50,0.1963,19.6,0.2636,26.4,0.2636,26.4,dice,3.07,16.9,ok
regular,grid16,0,n/a,0.2432,24.3,0.3205,32.1,0.3205,32.1,dice,3.11,14.7,ok
regular,grid16,1,5,0.343,34.3,0.4379,43.8,0.4379,43.8,dice,5.0,17.4,ok
regular,grid16,2,5,0.3741,37.4,0.4657,46.6,0.4657,46.6,dice,6.47,16.9,ok
regular,grid16,3,5,0.3955,39.5,0.4913,49.1,0.4913,49.1,dice,7.56,16.6,ok
regular,grid16,4,5,0.4046,40.5,0.503,50.3,0.503,50.3,dice,8.1,16.7,ok
regular,grid16,5,5,0.3987,39.9,0.4999,50.0,0.4999,50.0,dice,8.71,16.7,ok
regular,grid16,6,5,0.4104,41.0,0.5114,51.1,0.5114,51.1,dice,9.57,16.8,ok
regular,grid16,1,10,0.3759,37.6,0.4717,47.2,0.4717,47.2,dice,5.91,15.5,ok
regular,grid16,2,10,0.421,42.1,0.5193,51.9,0.5193,51.9,dice,8.06,15.7,ok
regular,grid16,3,10,0.4211,42.1,0.5184,51.8,0.5184,51.8,dice,9.57,16.0,ok
regular,grid16,4,10,0.4083,40.8,0.505,50.5,0.505,50.5,dice,10.39,16.5,ok
regular,grid16,5,10,0.3935,39.4,0.486,48.6,0.486,48.6,dice,11.06,16.7,ok
regular,grid16,6,10,0.3899,39.0,0.4809,48.1,0.4809,48.1,dice,12.45,16.8,ok
regular,grid16,1,25,0.3015,30.1,0.3825,38.2,0.3825,38.2,dice,5.41,17.5,ok
regular,grid16,2,25,0.2602,26.0,0.3261,32.6,0.3261,32.6,dice,5.23,16.8,ok
regular,grid16,3,25,0.2148,21.5,0.2734,27.3,0.2734,27.3,dice,4.87,16.9,ok
regular,grid16,4,25,0.1813,18.1,0.2316,23.2,0.2316,23.2,dice,3.78,16.9,ok
regular,grid16,5,25,0.1722,17.2,0.2195,22.0,0.2195,22.0,dice,3.73,16.8,ok
regular,grid16,6,25,0.1618,16.2,0.208,20.8,0.208,20.8,dice,2.99,17.1,ok
regular,grid16,1,35,0.2757,27.6,0.3554,35.5,0.3554,35.5,dice,4.93,15.7,ok
regular,grid16,2,35,0.2107,21.1,0.2723,27.2,0.2723,27.2,dice,3.59,15.9,ok
regular,grid16,3,35,0.1892,18.9,0.2459,24.6,0.2459,24.6,dice,3.32,16.2,ok
regular,grid16,4,35,0.1726,17.3,0.223,22.3,0.223,22.3,dice,2.63,16.7,ok
regular,grid16,5,35,0.1637,16.4,0.2102,21.0,0.2102,21.0,dice,2.63,17.1,ok
regular,grid16,6,35,0.1634,16.3,0.2097,21.0,0.2097,21.0,dice,2.62,17.2,ok
regular,grid16,1,50,0.2089,20.9,0.272,27.2,0.272,27.2,dice,3.28,15.5,ok
regular,grid16,2,50,0.155,15.5,0.2026,20.3,0.2026,20.3,dice,2.22,15.9,ok
regular,grid16,3,50,0.1474,14.7,0.1928,19.3,0.1928,19.3,dice,1.71,16.2,ok
regular,grid16,4,50,0.1407,14.1,0.1832,18.3,0.1832,18.3,dice,1.68,16.7,ok
regular,grid16,5,50,0.137,13.7,0.1772,17.7,0.1772,17.7,dice,1.61,17.2,ok
regular,grid16,6,50,0.137,13.7,0.1772,17.7,0.1772,17.7,dice,1.61,17.3,ok
regular,grid21,0,n/a,0.2415,24.1,0.3224,32.2,0.3224,32.2,dice,2.9,16.1,ok
regular,grid21,1,5,0.3116,31.2,0.4062,40.6,0.4062,40.6,dice,4.29,15.3,ok
regular,grid21,2,5,0.3638,36.4,0.4613,46.1,0.4613,46.1,dice,5.05,15.4,ok
regular,grid21,3,5,0.3814,38.1,0.4782,47.8,0.4782,47.8,dice,5.75,15.9,ok
regular,grid21,4,5,0.3905,39.0,0.4865,48.7,0.4865,48.7,dice,6.25,16.3,ok
regular,grid21,5,5,0.4131,41.3,0.512,51.2,0.512,51.2,dice,6.63,16.5,ok
regular,grid21,6,5,0.4142,41.4,0.5097,51.0,0.5097,51.0,dice,7.02,16.4,ok
regular,grid21,1,10,0.3381,33.8,0.4391,43.9,0.4391,43.9,dice,4.7,15.2,ok
regular,grid21,2,10,0.3861,38.6,0.4859,48.6,0.4859,48.6,dice,6.1,15.3,ok
regular,grid21,3,10,0.4061,40.6,0.5003,50.0,0.5003,50.0,dice,7.0,15.5,ok
regular,grid21,4,10,0.4059,40.6,0.495,49.5,0.495,49.5,dice,7.21,15.8,ok
regular,grid21,5,10,0.4089,40.9,0.5038,50.4,0.5038,50.4,dice,7.98,16.2,ok
regular,grid21,6,10,0.4014,40.1,0.4975,49.8,0.4975,49.8,dice,8.67,16.6,ok
regular,grid21,1,25,0.3114,31.1,0.4023,40.2,0.4023,40.2,dice,5.2,17.0,ok
regular,grid21,2,25,0.356,35.6,0.4471,44.7,0.4471,44.7,dice,6.87,16.6,ok
regular,grid21,3,25,0.3461,34.6,0.4336,43.4,0.4336,43.4,dice,7.47,16.4,ok
regular,grid21,4,25,0.3253,32.5,0.4046,40.5,0.4046,40.5,dice,7.86,16.6,ok
regular,grid21,5,25,0.3052,30.5,0.3788,37.9,0.3788,37.9,dice,7.42,16.6,ok
regular,grid21,6,25,0.2803,28.0,0.3506,35.1,0.3506,35.1,dice,6.99,16.7,ok
regular,grid21,1,35,0.295,29.5,0.3832,38.3,0.3832,38.3,dice,4.82,15.3,ok
regular,grid21,2,35,0.3032,30.3,0.3886,38.9,0.3886,38.9,dice,5.8,15.6,ok
regular,grid21,3,35,0.2762,27.6,0.3562,35.6,0.3562,35.6,dice,5.68,15.9,ok
regular,grid21,4,35,0.2733,27.3,0.3487,34.9,0.3487,34.9,dice,6.08,16.4,ok
regular,grid21,5,35,0.2482,24.8,0.3175,31.8,0.3175,31.8,dice,5.6,16.8,ok
regular,grid21,6,35,0.2399,24.0,0.3063,30.6,0.3063,30.6,dice,4.89,16.9,ok
regular,grid21,1,50,0.2858,28.6,0.3675,36.7,0.3675,36.7,dice,4.69,17.3,ok
regular,grid21,2,50,0.2256,22.6,0.2931,29.3,0.2931,29.3,dice,3.98,16.7,ok
regular,grid21,3,50,0.1694,16.9,0.2248,22.5,0.2248,22.5,dice,2.95,16.6,ok
regular,grid21,4,50,0.1558,15.6,0.2088,20.9,0.2088,20.9,dice,2.84,17.0,ok
regular,grid21,5,50,0.1447,14.5,0.1958,19.6,0.1958,19.6,dice,2.15,17.0,ok
regular,grid21,6,50,0.1452,14.5,0.1963,19.6,0.1963,19.6,dice,2.18,17.2,ok
regular_free,grid12,0,n/a,0.3716,37.2,0.4687,46.9,0.4687,46.9,dice,6.37,17.6,ok
regular_free,grid12,1,5,0.4534,45.3,0.5573,55.7,0.5573,55.7,dice,10.33,16.5,ok
regular_free,grid12,2,5,0.4375,43.7,0.5361,53.6,0.5361,53.6,dice,13.58,16.6,ok
regular_free,grid12,3,5,0.4201,42.0,0.519,51.9,0.519,51.9,dice,15.54,16.7,ok
regular_free,grid12,4,5,0.3928,39.3,0.4932,49.3,0.4932,49.3,dice,17.18,16.9,ok
regular_free,grid12,5,5,0.3967,39.7,0.4977,49.8,0.4977,49.8,dice,18.8,17.2,ok
regular_free,grid12,6,5,0.4012,40.1,0.5047,50.5,0.5047,50.5,dice,20.7,17.5,ok
regular_free,grid12,1,10,0.433,43.3,0.5339,53.4,0.5339,53.4,dice,11.16,17.9,ok
regular_free,grid12,2,10,0.4144,41.4,0.5116,51.2,0.5116,51.2,dice,14.05,17.9,ok
regular_free,grid12,3,10,0.399,39.9,0.4964,49.6,0.4964,49.6,dice,16.78,17.9,ok
regular_free,grid12,4,10,0.3701,37.0,0.4671,46.7,0.4671,46.7,dice,18.69,18.0,ok
regular_free,grid12,5,10,0.3307,33.1,0.4282,42.8,0.4282,42.8,dice,19.39,18.0,ok
regular_free,grid12,6,10,0.3149,31.5,0.4082,40.8,0.4082,40.8,dice,21.67,18.2,ok
regular_free,grid12,1,25,0.3212,32.1,0.4102,41.0,0.4102,41.0,dice,8.18,16.5,ok
regular_free,grid12,2,25,0.289,28.9,0.3826,38.3,0.3826,38.3,dice,8.26,16.8,ok
regular_free,grid12,3,25,0.2371,23.7,0.3179,31.8,0.3179,31.8,dice,7.21,17.2,ok
regular_free,grid12,4,25,0.2254,22.5,0.3033,30.3,0.3033,30.3,dice,6.34,17.5,ok
regular_free,grid12,5,25,0.2204,22.0,0.2965,29.7,0.2965,29.7,dice,6.06,18.0,ok
regular_free,grid12,6,25,0.2204,22.0,0.2965,29.7,0.2965,29.7,dice,6.06,18.6,ok
regular_free,grid12,1,35,0.2516,25.2,0.3308,33.1,0.3308,33.1,dice,5.98,18.3,ok
regular_free,grid12,2,35,0.207,20.7,0.2749,27.5,0.2749,27.5,dice,4.25,18.2,ok
regular_free,grid12,3,35,0.2039,20.4,0.2697,27.0,0.2697,27.0,dice,4.28,18.4,ok
regular_free,grid12,4,35,0.2025,20.3,0.2668,26.7,0.2668,26.7,dice,4.15,18.6,ok
regular_free,grid12,5,35,0.2025,20.3,0.2668,26.7,0.2668,26.7,dice,4.15,18.8,ok
regular_free,grid12,6,35,0.2025,20.3,0.2668,26.7,0.2668,26.7,dice,4.15,18.6,ok
regular_free,grid12,1,50,0.2361,23.6,0.306,30.6,0.306,30.6,dice,4.06,16.8,ok
regular_free,grid12,2,50,0.2274,22.7,0.2921,29.2,0.2921,29.2,dice,3.68,17.2,ok
regular_free,grid12,3,50,0.2274,22.7,0.2921,29.2,0.2921,29.2,dice,3.68,17.7,ok
regular_free,grid12,4,50,0.2274,22.7,0.2921,29.2,0.2921,29.2,dice,3.68,17.9,ok
regular_free,grid12,5,50,0.2274,22.7,0.2921,29.2,0.2921,29.2,dice,3.68,18.5,ok
regular_free,grid12,6,50,0.2274,22.7,0.2921,29.2,0.2921,29.2,dice,3.68,18.7,ok
regular_free,grid16,0,n/a,0.3323,33.2,0.4291,42.9,0.4291,42.9,dice,4.81,16.1,ok
regular_free,grid16,1,5,0.4033,40.3,0.5021,50.2,0.5021,50.2,dice,7.58,18.7,ok
regular_free,grid16,2,5,0.4368,43.7,0.5381,53.8,0.5381,53.8,dice,9.2,18.1,ok
regular_free,grid16,3,5,0.4521,45.2,0.5498,55.0,0.5498,55.0,dice,10.24,18.0,ok
regular_free,grid16,4,5,0.4438,44.4,0.5414,54.1,0.5414,54.1,dice,11.74,18.2,ok
regular_free,grid16,5,5,0.4399,44.0,0.5399,54.0,0.5399,54.0,dice,12.77,18.2,ok
regular_free,grid16,6,5,0.429,42.9,0.531,53.1,0.531,53.1,dice,14.27,18.1,ok
regular_free,grid16,1,10,0.3984,39.8,0.498,49.8,0.498,49.8,dice,8.35,16.7,ok
regular_free,grid16,2,10,0.3948,39.5,0.4845,48.4,0.4845,48.4,dice,9.84,16.9,ok
regular_free,grid16,3,10,0.3671,36.7,0.4567,45.7,0.4567,45.7,dice,11.01,17.0,ok
regular_free,grid16,4,10,0.3551,35.5,0.4468,44.7,0.4468,44.7,dice,12.39,17.3,ok
regular_free,grid16,5,10,0.3457,34.6,0.4368,43.7,0.4368,43.7,dice,14.15,17.6,ok
regular_free,grid16,6,10,0.3218,32.2,0.4166,41.7,0.4166,41.7,dice,14.71,18.1,ok
regular_free,grid16,1,25,0.3416,34.2,0.4306,43.1,0.4306,43.1,dice,7.93,18.6,ok
regular_free,grid16,2,25,0.2646,26.5,0.3435,34.4,0.3435,34.4,dice,8.7,18.4,ok
regular_free,grid16,3,25,0.2495,25.0,0.3225,32.2,0.3225,32.2,dice,8.45,18.5,ok
regular_free,grid16,4,25,0.2365,23.7,0.3124,31.2,0.3124,31.2,dice,8.15,18.6,ok
regular_free,grid16,5,25,0.2104,21.0,0.2846,28.5,0.2846,28.5,dice,7.7,18.8,ok
regular_free,grid16,6,25,0.2027,20.3,0.2747,27.5,0.2747,27.5,dice,7.4,18.9,ok
regular_free,grid16,1,35,0.27,27.0,0.3386,33.9,0.3386,33.9,dice,6.25,17.0,ok
regular_free,grid16,2,35,0.2142,21.4,0.2805,28.1,0.2805,28.1,dice,6.57,17.4,ok
regular_free,grid16,3,35,0.189,18.9,0.2491,24.9,0.2491,24.9,dice,6.31,17.8,ok
regular_free,grid16,4,35,0.1579,15.8,0.2103,21.0,0.2103,21.0,dice,4.73,18.5,ok
regular_free,grid16,5,35,0.1559,15.6,0.208,20.8,0.208,20.8,dice,4.85,19.2,ok
regular_free,grid16,6,35,0.1515,15.1,0.2009,20.1,0.2009,20.1,dice,4.75,19.4,ok
regular_free,grid16,1,50,0.2476,24.8,0.3238,32.4,0.3238,32.4,dice,4.9,17.1,ok
regular_free,grid16,2,50,0.1768,17.7,0.244,24.4,0.244,24.4,dice,2.9,17.9,ok
regular_free,grid16,3,50,0.1692,16.9,0.2313,23.1,0.2313,23.1,dice,2.6,18.6,ok
regular_free,grid16,4,50,0.1563,15.6,0.2153,21.5,0.2153,21.5,dice,2.28,19.2,ok
regular_free,grid16,5,50,0.152,15.2,0.2081,20.8,0.2081,20.8,dice,2.19,19.7,ok
regular_free,grid16,6,50,0.152,15.2,0.2081,20.8,0.2081,20.8,dice,2.19,19.6,ok
regular_free,grid21,0,n/a,0.2407,24.1,0.3233,32.3,0.3233,32.3,dice,2.96,18.2,ok
regular_free,grid21,1,5,0.3161,31.6,0.4125,41.3,0.4125,41.3,dice,4.41,17.1,ok
regular_free,grid21,2,5,0.366,36.6,0.4643,46.4,0.4643,46.4,dice,5.1,17.2,ok
regular_free,grid21,3,5,0.3877,38.8,0.4853,48.5,0.4853,48.5,dice,5.85,17.3,ok
regular_free,grid21,4,5,0.3946,39.5,0.4917,49.2,0.4917,49.2,dice,6.29,17.2,ok
regular_free,grid21,5,5,0.4177,41.8,0.5176,51.8,0.5176,51.8,dice,6.74,17.5,ok
regular_free,grid21,6,5,0.4178,41.8,0.5138,51.4,0.5138,51.4,dice,7.08,17.7,ok
regular_free,grid21,1,10,0.3427,34.3,0.4445,44.4,0.4445,44.4,dice,4.84,18.9,ok
regular_free,grid21,2,10,0.3915,39.1,0.491,49.1,0.491,49.1,dice,6.2,18.7,ok
regular_free,grid21,3,10,0.411,41.1,0.5057,50.6,0.5057,50.6,dice,7.15,18.7,ok
regular_free,grid21,4,10,0.4101,41.0,0.5,50.0,0.5,50.0,dice,7.41,18.7,ok
regular_free,grid21,5,10,0.4118,41.2,0.5067,50.7,0.5067,50.7,dice,8.06,18.9,ok
regular_free,grid21,6,10,0.4035,40.4,0.4994,49.9,0.4994,49.9,dice,8.79,18.8,ok
regular_free,grid21,1,25,0.3141,31.4,0.4058,40.6,0.4058,40.6,dice,5.32,17.3,ok
regular_free,grid21,2,25,0.3574,35.7,0.4487,44.9,0.4487,44.9,dice,6.98,17.7,ok
regular_free,grid21,3,25,0.3485,34.9,0.4377,43.8,0.4377,43.8,dice,7.49,18.0,ok
regular_free,grid21,4,25,0.3293,32.9,0.4107,41.1,0.4107,41.1,dice,7.9,18.8,ok
regular_free,grid21,5,25,0.3075,30.7,0.3823,38.2,0.3823,38.2,dice,7.43,19.2,ok
regular_free,grid21,6,25,0.2832,28.3,0.3551,35.5,0.3551,35.5,dice,6.99,19.4,ok
regular_free,grid21,1,35,0.2952,29.5,0.3839,38.4,0.3839,38.4,dice,4.86,17.5,ok
regular_free,grid21,2,35,0.3025,30.3,0.3881,38.8,0.3881,38.8,dice,5.85,18.0,ok
regular_free,grid21,3,35,0.2764,27.6,0.3568,35.7,0.3568,35.7,dice,5.71,18.6,ok
regular_free,grid21,4,35,0.2739,27.4,0.3494,34.9,0.3494,34.9,dice,6.13,19.2,ok
regular_free,grid21,5,35,0.2482,24.8,0.3179,31.8,0.3179,31.8,dice,5.64,19.7,ok
regular_free,grid21,6,35,0.2389,23.9,0.3054,30.5,0.3054,30.5,dice,4.88,19.9,ok
regular_free,grid21,1,50,0.2865,28.6,0.3689,36.9,0.3689,36.9,dice,4.76,19.0,ok
regular_free,grid21,2,50,0.2296,23.0,0.2983,29.8,0.2983,29.8,dice,4.03,19.2,ok
regular_free,grid21,3,50,0.1744,17.4,0.2321,23.2,0.2321,23.2,dice,3.01,19.3,ok
regular_free,grid21,4,50,0.161,16.1,0.2167,21.7,0.2167,21.7,dice,2.88,19.7,ok
regular_free,grid21,5,50,0.1503,15.0,0.2044,20.4,0.2044,20.4,dice,2.21,20.0,ok
regular_free,grid21,6,50,0.1505,15.1,0.2046,20.5,0.2046,20.5,dice,2.24,20.4,ok
regular_free,grid24,0,n/a,0.2718,27.2,0.3609,36.1,0.3609,36.1,dice,3.44,16.6,ok
regular_free,grid24,1,5,0.3578,35.8,0.4556,45.6,0.4556,45.6,dice,5.38,19.3,ok
regular_free,grid24,2,5,0.4099,41.0,0.5123,51.2,0.5123,51.2,dice,6.58,18.9,ok
regular_free,grid24,3,5,0.4384,43.8,0.5389,53.9,0.5389,53.9,dice,7.54,18.6,ok
regular_free,grid24,4,5,0.4503,45.0,0.5496,55.0,0.5496,55.0,dice,8.03,18.8,ok
regular_free,grid24,5,5,0.4497,45.0,0.5492,54.9,0.5492,54.9,dice,8.37,18.7,ok
regular_free,grid24,6,5,0.4332,43.3,0.5329,53.3,0.5329,53.3,dice,8.95,18.9,ok
regular_free,grid24,1,10,0.3934,39.3,0.4939,49.4,0.4939,49.4,dice,6.0,17.6,ok
regular_free,grid24,2,10,0.4152,41.5,0.5137,51.4,0.5137,51.4,dice,7.61,17.9,ok
regular_free,grid24,3,10,0.4128,41.3,0.5028,50.3,0.5028,50.3,dice,8.04,18.3,ok
regular_free,grid24,4,10,0.4104,41.0,0.5003,50.0,0.5003,50.0,dice,8.79,18.7,ok
regular_free,grid24,5,10,0.4202,42.0,0.5151,51.5,0.5151,51.5,dice,9.8,19.1,ok
regular_free,grid24,6,10,0.4091,40.9,0.5057,50.6,0.5057,50.6,dice,10.89,19.1,ok
regular_free,grid24,1,25,0.3836,38.4,0.4764,47.6,0.4764,47.6,dice,6.65,17.6,ok
regular_free,grid24,2,25,0.3651,36.5,0.4526,45.3,0.4526,45.3,dice,7.84,17.7,ok
regular_free,grid24,3,25,0.3455,34.5,0.4376,43.8,0.4376,43.8,dice,8.94,17.9,ok
regular_free,grid24,4,25,0.3153,31.5,0.4045,40.4,0.4045,40.4,dice,9.64,18.1,ok
regular_free,grid24,5,25,0.3163,31.6,0.4072,40.7,0.4072,40.7,dice,10.69,18.3,ok
regular_free,grid24,6,25,0.314,31.4,0.4062,40.6,0.4062,40.6,dice,11.22,18.7,ok
regular_free,grid24,1,35,0.3361,33.6,0.4272,42.7,0.4272,42.7,dice,6.29,19.3,ok
regular_free,grid24,2,35,0.2735,27.3,0.3547,35.5,0.3547,35.5,dice,6.56,19.3,ok
regular_free,grid24,3,35,0.2554,25.5,0.3322,33.2,0.3322,33.2,dice,8.22,19.4,ok
regular_free,grid24,4,35,0.2161,21.6,0.2837,28.4,0.2837,28.4,dice,7.45,19.6,ok
regular_free,grid24,5,35,0.2045,20.4,0.2682,26.8,0.2682,26.8,dice,7.09,19.9,ok
regular_free,grid24,6,35,0.2039,20.4,0.2667,26.7,0.2667,26.7,dice,7.63,20.1,ok
regular_free,grid24,1,50,0.2853,28.5,0.369,36.9,0.369,36.9,dice,5.22,17.8,ok
regular_free,grid24,2,50,0.2229,22.3,0.2856,28.6,0.2856,28.6,dice,4.93,18.2,ok
regular_free,grid24,3,50,0.1992,19.9,0.2597,26.0,0.2597,26.0,dice,4.92,18.5,ok
regular_free,grid24,4,50,0.1581,15.8,0.209,20.9,0.209,20.9,dice,3.7,19.1,ok
regular_free,grid24,5,50,0.1535,15.4,0.2024,20.2,0.2024,20.2,dice,3.75,19.7,ok
regular_free,grid24,6,50,0.1518,15.2,0.1999,20.0,0.1999,20.0,dice,3.79,20.7,ok
regular_free,grid28,0,n/a,0.2345,23.4,0.3195,31.9,0.3195,31.9,dice,2.9,18.9,ok
regular_free,grid28,1,5,0.3304,33.0,0.4242,42.4,0.4242,42.4,dice,4.76,18.1,ok
regular_free,grid28,2,5,0.3678,36.8,0.4649,46.5,0.4649,46.5,dice,5.64,18.1,ok
regular_free,grid28,3,5,0.4035,40.3,0.5032,50.3,0.5032,50.3,dice,6.71,18.1,ok
regular_free,grid28,4,5,0.4103,41.0,0.5074,50.7,0.5074,50.7,dice,6.97,18.4,ok
regular_free,grid28,5,5,0.4374,43.7,0.5367,53.7,0.5367,53.7,dice,7.46,18.5,ok
regular_free,grid28,6,5,0.441,44.1,0.5356,53.6,0.5356,53.6,dice,8.0,19.0,ok
regular_free,grid28,1,10,0.3613,36.1,0.4545,45.5,0.4545,45.5,dice,5.54,18.1,ok
regular_free,grid28,2,10,0.3954,39.5,0.4931,49.3,0.4931,49.3,dice,6.67,18.5,ok
regular_free,grid28,3,10,0.4141,41.4,0.5114,51.1,0.5114,51.1,dice,7.37,18.9,ok
regular_free,grid28,4,10,0.429,42.9,0.5232,52.3,0.5232,52.3,dice,8.12,19.3,ok
regular_free,grid28,5,10,0.4256,42.6,0.5178,51.8,0.5178,51.8,dice,8.8,19.8,ok
regular_free,grid28,6,10,0.4152,41.5,0.5106,51.1,0.5106,51.1,dice,9.32,19.8,ok
regular_free,grid28,1,25,0.3682,36.8,0.463,46.3,0.463,46.3,dice,6.01,19.7,ok
regular_free,grid28,2,25,0.3938,39.4,0.4843,48.4,0.4843,48.4,dice,7.44,19.7,ok
regular_free,grid28,3,25,0.3822,38.2,0.4732,47.3,0.4732,47.3,dice,8.33,19.6,ok
regular_free,grid28,4,25,0.3679,36.8,0.4552,45.5,0.4552,45.5,dice,9.34,19.9,ok
regular_free,grid28,5,25,0.3382,33.8,0.4241,42.4,0.4241,42.4,dice,9.56,19.8,ok
regular_free,grid28,6,25,0.3239,32.4,0.409,40.9,0.409,40.9,dice,10.92,20.2,ok
regular_free,grid28,1,35,0.3427,34.3,0.4351,43.5,0.4351,43.5,dice,5.93,18.2,ok
regular_free,grid28,2,35,0.3287,32.9,0.4161,41.6,0.4161,41.6,dice,6.41,18.5,ok
regular_free,grid28,3,35,0.2952,29.5,0.3732,37.3,0.3732,37.3,dice,6.83,18.8,ok
regular_free,grid28,4,35,0.2897,29.0,0.3693,36.9,0.3693,36.9,dice,7.96,19.3,ok
regular_free,grid28,5,35,0.2914,29.1,0.3715,37.1,0.3715,37.1,dice,9.12,20.0,ok
regular_free,grid28,6,35,0.2826,28.3,0.3609,36.1,0.3609,36.1,dice,9.9,20.5,ok
regular_free,grid28,1,50,0.3109,31.1,0.4008,40.1,0.4008,40.1,dice,5.76,19.7,ok
regular_free,grid28,2,50,0.2545,25.4,0.3292,32.9,0.3292,32.9,dice,5.66,19.9,ok
regular_free,grid28,3,50,0.2278,22.8,0.295,29.5,0.295,29.5,dice,6.07,20.0,ok
regular_free,grid28,4,50,0.2012,20.1,0.2652,26.5,0.2652,26.5,dice,6.18,20.5,ok
regular_free,grid28,5,50,0.1787,17.9,0.2364,23.6,0.2364,23.6,dice,5.73,20.7,ok
regular_free,grid28,6,50,0.1697,17.0,0.2274,22.7,0.2274,22.7,dice,5.71,21.1,ok
superpixel,sp144,0,n/a,0.419,41.9,0.5191,51.9,0.5191,51.9,dice,8.47,15.7,ok
superpixel,sp144,1,5,0.4304,43.0,0.5339,53.4,0.5339,53.4,dice,13.21,18.2,ok
superpixel,sp144,2,5,0.4126,41.3,0.5156,51.6,0.5156,51.6,dice,16.73,17.7,ok
superpixel,sp144,3,5,0.4,40.0,0.5037,50.4,0.5037,50.4,dice,18.71,17.8,ok
superpixel,sp144,4,5,0.3823,38.2,0.4877,48.8,0.4877,48.8,dice,20.62,16.7,ok
superpixel,sp144,5,5,0.3932,39.3,0.4987,49.9,0.4987,49.9,dice,24.06,16.7,ok
superpixel,sp144,6,5,0.3699,37.0,0.4759,47.6,0.4759,47.6,dice,28.01,16.6,ok
superpixel,sp144,1,10,0.4199,42.0,0.5246,52.5,0.5246,52.5,dice,13.78,17.7,ok
superpixel,sp144,2,10,0.3706,37.1,0.4698,47.0,0.4698,47.0,dice,16.41,18.0,ok
superpixel,sp144,3,10,0.3627,36.3,0.4617,46.2,0.4617,46.2,dice,19.33,17.9,ok
superpixel,sp144,4,10,0.3361,33.6,0.4296,43.0,0.4296,43.0,dice,22.69,18.0,ok
superpixel,sp144,5,10,0.3121,31.2,0.4008,40.1,0.4008,40.1,dice,24.09,18.0,ok
superpixel,sp144,6,10,0.2936,29.4,0.3794,37.9,0.3794,37.9,dice,25.51,18.0,ok
superpixel,sp144,1,25,0.3377,33.8,0.4312,43.1,0.4312,43.1,dice,10.16,16.5,ok
superpixel,sp144,2,25,0.2791,27.9,0.3637,36.4,0.3637,36.4,dice,9.38,16.7,ok
superpixel,sp144,3,25,0.257,25.7,0.3356,33.6,0.3356,33.6,dice,8.59,16.8,ok
superpixel,sp144,4,25,0.239,23.9,0.3175,31.7,0.3175,31.7,dice,7.41,17.2,ok
superpixel,sp144,5,25,0.2386,23.9,0.3168,31.7,0.3168,31.7,dice,7.4,17.5,ok
superpixel,sp144,6,25,0.2386,23.9,0.3168,31.7,0.3168,31.7,dice,7.4,18.1,ok
superpixel,sp144,1,35,0.3317,33.2,0.4191,41.9,0.4191,41.9,dice,8.79,18.3,ok
superpixel,sp144,2,35,0.2932,29.3,0.3735,37.4,0.3735,37.4,dice,8.11,18.2,ok
superpixel,sp144,3,35,0.2682,26.8,0.3415,34.1,0.3415,34.1,dice,6.7,18.2,ok
superpixel,sp144,4,35,0.2682,26.8,0.3415,34.1,0.3415,34.1,dice,6.7,18.5,ok
superpixel,sp144,5,35,0.2682,26.8,0.3415,34.1,0.3415,34.1,dice,6.7,18.4,ok
superpixel,sp144,6,35,0.2682,26.8,0.3415,34.1,0.3415,34.1,dice,6.7,18.5,ok
superpixel,sp144,1,50,0.3065,30.7,0.389,38.9,0.389,38.9,dice,7.02,16.7,ok
superpixel,sp144,2,50,0.276,27.6,0.3492,34.9,0.3492,34.9,dice,6.36,17.1,ok
superpixel,sp144,3,50,0.276,27.6,0.3492,34.9,0.3492,34.9,dice,6.36,17.3,ok
superpixel,sp144,4,50,0.276,27.6,0.3492,34.9,0.3492,34.9,dice,6.36,17.5,ok
superpixel,sp144,5,50,0.276,27.6,0.3492,34.9,0.3492,34.9,dice,6.36,18.0,ok
superpixel,sp144,6,50,0.276,27.6,0.3492,34.9,0.3492,34.9,dice,6.36,18.4,ok
superpixel,sp256,0,n/a,0.3473,34.7,0.4442,44.4,0.4442,44.4,dice,5.65,17.5,ok
superpixel,sp256,1,5,0.4325,43.2,0.536,53.6,0.536,53.6,dice,8.94,16.6,ok
superpixel,sp256,2,5,0.4417,44.2,0.5435,54.3,0.5435,54.3,dice,10.99,16.7,ok
superpixel,sp256,3,5,0.4502,45.0,0.5574,55.7,0.5574,55.7,dice,12.03,16.9,ok
superpixel,sp256,4,5,0.4053,40.5,0.5098,51.0,0.5098,51.0,dice,13.51,17.1,ok
superpixel,sp256,5,5,0.3834,38.3,0.4867,48.7,0.4867,48.7,dice,16.09,17.6,ok
superpixel,sp256,6,5,0.3809,38.1,0.4817,48.2,0.4817,48.2,dice,17.5,17.9,ok
superpixel,sp256,1,10,0.3948,39.5,0.4855,48.5,0.4855,48.5,dice,9.47,16.7,ok
superpixel,sp256,2,10,0.3889,38.9,0.4761,47.6,0.4761,47.6,dice,12.32,16.7,ok
superpixel,sp256,3,10,0.375,37.5,0.4627,46.3,0.4627,46.3,dice,14.82,16.8,ok
superpixel,sp256,4,10,0.3517,35.2,0.4432,44.3,0.4432,44.3,dice,17.17,17.0,ok
superpixel,sp256,5,10,0.3462,34.6,0.4405,44.1,0.4405,44.1,dice,19.23,17.2,ok
superpixel,sp256,6,10,0.327,32.7,0.425,42.5,0.425,42.5,dice,20.72,17.4,ok
superpixel,sp256,1,25,0.3314,33.1,0.4222,42.2,0.4222,42.2,dice,8.37,18.3,ok
superpixel,sp256,2,25,0.2921,29.2,0.3794,37.9,0.3794,37.9,dice,8.85,18.3,ok
superpixel,sp256,3,25,0.2649,26.5,0.3462,34.6,0.3462,34.6,dice,10.0,18.3,ok
superpixel,sp256,4,25,0.2503,25.0,0.3264,32.6,0.3264,32.6,dice,10.02,18.6,ok
superpixel,sp256,5,25,0.2266,22.7,0.2952,29.5,0.2952,29.5,dice,9.0,18.7,ok
superpixel,sp256,6,25,0.2201,22.0,0.2861,28.6,0.2861,28.6,dice,8.85,18.9,ok
superpixel,sp256,1,35,0.2891,28.9,0.3667,36.7,0.3667,36.7,dice,7.56,16.9,ok
superpixel,sp256,2,35,0.2664,26.6,0.3411,34.1,0.3411,34.1,dice,8.33,17.3,ok
superpixel,sp256,3,35,0.2437,24.4,0.3123,31.2,0.3123,31.2,dice,7.89,17.8,ok
superpixel,sp256,4,35,0.219,21.9,0.281,28.1,0.281,28.1,dice,6.25,18.5,ok
superpixel,sp256,5,35,0.1958,19.6,0.2531,25.3,0.2531,25.3,dice,5.03,19.1,ok
superpixel,sp256,6,35,0.1963,19.6,0.2531,25.3,0.2531,25.3,dice,5.0,19.2,ok
superpixel,sp256,1,50,0.253,25.3,0.3274,32.7,0.3274,32.7,dice,4.72,18.5,ok
superpixel,sp256,2,50,0.2092,20.9,0.2723,27.2,0.2723,27.2,dice,3.59,18.6,ok
superpixel,sp256,3,50,0.1918,19.2,0.2479,24.8,0.2479,24.8,dice,2.98,18.8,ok
superpixel,sp256,4,50,0.1741,17.4,0.226,22.6,0.226,22.6,dice,2.55,19.1,ok
superpixel,sp256,5,50,0.1741,17.4,0.226,22.6,0.226,22.6,dice,2.55,19.3,ok
superpixel,sp256,6,50,0.1741,17.4,0.226,22.6,0.226,22.6,dice,2.55,19.2,ok
superpixel,sp441,0,n/a,0.2735,27.3,0.363,36.3,0.363,36.3,dice,3.49,16.1,ok
superpixel,sp441,1,5,0.3821,38.2,0.4835,48.3,0.4835,48.3,dice,6.1,18.9,ok
superpixel,sp441,2,5,0.4255,42.5,0.5306,53.1,0.5306,53.1,dice,7.46,18.4,ok
superpixel,sp441,3,5,0.4312,43.1,0.5285,52.9,0.5285,52.9,dice,8.64,18.3,ok
superpixel,sp441,4,5,0.4404,44.0,0.5357,53.6,0.5357,53.6,dice,9.14,18.4,ok
superpixel,sp441,5,5,0.4459,44.6,0.5434,54.3,0.5434,54.3,dice,9.58,18.4,ok
superpixel,sp441,6,5,0.4479,44.8,0.5469,54.7,0.5469,54.7,dice,9.97,18.4,ok
superpixel,sp441,1,10,0.4014,40.1,0.5019,50.2,0.5019,50.2,dice,6.71,17.1,ok
superpixel,sp441,2,10,0.4068,40.7,0.5025,50.3,0.5025,50.3,dice,8.45,17.2,ok
superpixel,sp441,3,10,0.416,41.6,0.5142,51.4,0.5142,51.4,dice,9.22,17.5,ok
superpixel,sp441,4,10,0.3912,39.1,0.4893,48.9,0.4893,48.9,dice,10.11,17.8,ok
superpixel,sp441,5,10,0.3857,38.6,0.4833,48.3,0.4833,48.3,dice,11.61,18.1,ok
superpixel,sp441,6,10,0.3832,38.3,0.4789,47.9,0.4789,47.9,dice,12.75,18.6,ok
superpixel,sp441,1,25,0.3283,32.8,0.4222,42.2,0.4222,42.2,dice,6.84,17.2,ok
superpixel,sp441,2,25,0.31,31.0,0.3984,39.8,0.3984,39.8,dice,8.05,17.3,ok
superpixel,sp441,3,25,0.3051,30.5,0.3965,39.6,0.3965,39.6,dice,9.31,17.5,ok
superpixel,sp441,4,25,0.2692,26.9,0.3511,35.1,0.3511,35.1,dice,9.61,17.7,ok
superpixel,sp441,5,25,0.25,25.0,0.3289,32.9,0.3289,32.9,dice,9.0,17.8,ok
superpixel,sp441,6,25,0.241,24.1,0.3144,31.4,0.3144,31.4,dice,9.0,18.0,ok
superpixel,sp441,1,35,0.3065,30.7,0.3937,39.4,0.3937,39.4,dice,5.89,18.8,ok
superpixel,sp441,2,35,0.2622,26.2,0.3447,34.5,0.3447,34.5,dice,6.65,18.7,ok
superpixel,sp441,3,35,0.2245,22.4,0.3045,30.5,0.3045,30.5,dice,6.69,19.0,ok
superpixel,sp441,4,35,0.2314,23.1,0.308,30.8,0.308,30.8,dice,7.21,19.1,ok
superpixel,sp441,5,35,0.2124,21.2,0.2864,28.6,0.2864,28.6,dice,6.76,19.5,ok
superpixel,sp441,6,35,0.189,18.9,0.255,25.5,0.255,25.5,dice,6.38,19.7,ok
superpixel,sp441,1,50,0.2371,23.7,0.3071,30.7,0.3071,30.7,dice,4.64,17.3,ok
superpixel,sp441,2,50,0.188,18.8,0.2493,24.9,0.2493,24.9,dice,4.36,17.6,ok
superpixel,sp441,3,50,0.1772,17.7,0.2369,23.7,0.2369,23.7,dice,4.46,18.0,ok
superpixel,sp441,4,50,0.1633,16.3,0.2204,22.0,0.2204,22.0,dice,4.04,18.4,ok
superpixel,sp441,5,50,0.1508,15.1,0.2041,20.4,0.2041,20.4,dice,3.31,18.8,ok
superpixel,sp441,6,50,0.1265,12.7,0.1737,17.4,0.1737,17.4,dice,2.68,19.4,ok
superpixel,sp576,0,n/a,0.2898,29.0,0.3793,37.9,0.3793,37.9,dice,3.77,17.9,ok
superpixel,sp576,1,5,0.3722,37.2,0.4702,47.0,0.4702,47.0,dice,5.89,17.4,ok
superpixel,sp576,2,5,0.415,41.5,0.5162,51.6,0.5162,51.6,dice,7.2,17.5,ok
superpixel,sp576,3,5,0.4224,42.2,0.5214,52.1,0.5214,52.1,dice,7.66,17.4,ok
superpixel,sp576,4,5,0.4362,43.6,0.5352,53.5,0.5352,53.5,dice,8.54,17.5,ok
superpixel,sp576,5,5,0.4393,43.9,0.5368,53.7,0.5368,53.7,dice,9.01,17.7,ok
superpixel,sp576,6,5,0.446,44.6,0.5454,54.5,0.5454,54.5,dice,9.47,17.9,ok
superpixel,sp576,1,10,0.3786,37.9,0.4753,47.5,0.4753,47.5,dice,6.03,19.1,ok
superpixel,sp576,2,10,0.4249,42.5,0.5202,52.0,0.5202,52.0,dice,7.78,18.8,ok
superpixel,sp576,3,10,0.4083,40.8,0.5017,50.2,0.5017,50.2,dice,8.67,18.7,ok
superpixel,sp576,4,10,0.4018,40.2,0.496,49.6,0.496,49.6,dice,9.86,18.9,ok
superpixel,sp576,5,10,0.3952,39.5,0.4912,49.1,0.4912,49.1,dice,11.06,18.8,ok
superpixel,sp576,6,10,0.3945,39.5,0.4918,49.2,0.4918,49.2,dice,12.44,18.9,ok
superpixel,sp576,1,25,0.3553,35.5,0.4488,44.9,0.4488,44.9,dice,6.11,17.5,ok
superpixel,sp576,2,25,0.3515,35.2,0.4487,44.9,0.4487,44.9,dice,8.16,17.9,ok
superpixel,sp576,3,25,0.325,32.5,0.4155,41.5,0.4155,41.5,dice,8.84,18.8,ok
superpixel,sp576,4,25,0.3284,32.8,0.4172,41.7,0.4172,41.7,dice,10.61,19.3,ok
superpixel,sp576,5,25,0.3173,31.7,0.4069,40.7,0.4069,40.7,dice,10.89,19.4,ok
superpixel,sp576,6,25,0.3111,31.1,0.4017,40.2,0.4017,40.2,dice,11.97,19.5,ok
superpixel,sp576,1,35,0.295,29.5,0.374,37.4,0.374,37.4,dice,5.56,19.3,ok
superpixel,sp576,2,35,0.2733,27.3,0.3496,35.0,0.3496,35.0,dice,6.52,19.0,ok
superpixel,sp576,3,35,0.2585,25.8,0.3365,33.7,0.3365,33.7,dice,7.84,19.2,ok
superpixel,sp576,4,35,0.2571,25.7,0.3343,33.4,0.3343,33.4,dice,8.07,19.5,ok
superpixel,sp576,5,35,0.2203,22.0,0.2893,28.9,0.2893,28.9,dice,6.9,19.7,ok
superpixel,sp576,6,35,0.2234,22.3,0.292,29.2,0.292,29.2,dice,7.69,19.8,ok
superpixel,sp576,1,50,0.2848,28.5,0.3591,35.9,0.3591,35.9,dice,5.33,17.6,ok
superpixel,sp576,2,50,0.231,23.1,0.3009,30.1,0.3009,30.1,dice,5.66,18.0,ok
superpixel,sp576,3,50,0.1967,19.7,0.2601,26.0,0.2601,26.0,dice,5.79,18.7,ok
superpixel,sp576,4,50,0.1805,18.1,0.2387,23.9,0.2387,23.9,dice,5.48,19.2,ok
superpixel,sp576,5,50,0.1794,17.9,0.2366,23.7,0.2366,23.7,dice,5.41,20.0,ok
superpixel,sp576,6,50,0.165,16.5,0.2213,22.1,0.2213,22.1,dice,5.42,20.6,ok
superpixel,sp784,0,n/a,0.2536,25.4,0.3365,33.7,0.3365,33.7,dice,3.26,16.9,ok
superpixel,sp784,1,5,0.3343,33.4,0.4288,42.9,0.4288,42.9,dice,5.18,19.3,ok
superpixel,sp784,2,5,0.3833,38.3,0.4805,48.1,0.4805,48.1,dice,6.14,19.2,ok
superpixel,sp784,3,5,0.408,40.8,0.5088,50.9,0.5088,50.9,dice,6.83,19.2,ok
superpixel,sp784,4,5,0.4297,43.0,0.5306,53.1,0.5306,53.1,dice,7.52,19.1,ok
superpixel,sp784,5,5,0.4332,43.3,0.5337,53.4,0.5337,53.4,dice,7.79,19.2,ok
superpixel,sp784,6,5,0.4358,43.6,0.5408,54.1,0.5408,54.1,dice,8.24,19.2,ok
superpixel,sp784,1,10,0.3642,36.4,0.4643,46.4,0.4643,46.4,dice,5.62,17.8,ok
superpixel,sp784,2,10,0.4261,42.6,0.5274,52.7,0.5274,52.7,dice,7.44,17.9,ok
superpixel,sp784,3,10,0.4398,44.0,0.5371,53.7,0.5371,53.7,dice,8.45,18.0,ok
superpixel,sp784,4,10,0.4403,44.0,0.5381,53.8,0.5381,53.8,dice,9.23,18.2,ok
superpixel,sp784,5,10,0.4355,43.5,0.5338,53.4,0.5338,53.4,dice,10.06,18.4,ok
superpixel,sp784,6,10,0.4199,42.0,0.5239,52.4,0.5239,52.4,dice,10.3,19.0,ok
superpixel,sp784,1,25,0.3395,33.9,0.4355,43.5,0.4355,43.5,dice,5.84,19.5,ok
superpixel,sp784,2,25,0.3668,36.7,0.455,45.5,0.455,45.5,dice,7.83,19.4,ok
superpixel,sp784,3,25,0.3644,36.4,0.4497,45.0,0.4497,45.0,dice,8.5,19.4,ok
superpixel,sp784,4,25,0.3442,34.4,0.4266,42.7,0.4266,42.7,dice,9.56,19.7,ok
superpixel,sp784,5,25,0.3505,35.1,0.436,43.6,0.436,43.6,dice,11.64,20.0,ok
superpixel,sp784,6,25,0.3297,33.0,0.4203,42.0,0.4203,42.0,dice,12.39,20.1,ok
superpixel,sp784,1,35,0.2992,29.9,0.3842,38.4,0.3842,38.4,dice,5.36,18.1,ok
superpixel,sp784,2,35,0.3098,31.0,0.3937,39.4,0.3937,39.4,dice,6.97,18.4,ok
superpixel,sp784,3,35,0.2897,29.0,0.3732,37.3,0.3732,37.3,dice,7.98,19.0,ok
superpixel,sp784,4,35,0.2567,25.7,0.3343,33.4,0.3343,33.4,dice,8.52,19.6,ok
superpixel,sp784,5,35,0.2476,24.8,0.3266,32.7,0.3266,32.7,dice,8.36,20.3,ok
superpixel,sp784,6,35,0.2211,22.1,0.2898,29.0,0.2898,29.0,dice,8.47,20.5,ok
superpixel,sp784,1,50,0.2686,26.9,0.3457,34.6,0.3457,34.6,dice,4.9,19.9,ok
superpixel,sp784,2,50,0.2243,22.4,0.2895,28.9,0.2895,28.9,dice,5.18,19.7,ok
superpixel,sp784,3,50,0.1839,18.4,0.2476,24.8,0.2476,24.8,dice,4.89,20.1,ok
superpixel,sp784,4,50,0.1907,19.1,0.2538,25.4,0.2538,25.4,dice,5.89,20.3,ok
superpixel,sp784,5,50,0.1906,19.1,0.2572,25.7,0.2572,25.7,dice,6.13,20.7,ok
superpixel,sp784,6,50,0.1883,18.8,0.2539,25.4,0.2539,25.4,dice,6.38,20.9,ok
